[
  {
    "@context": "https://schema.org",
    "@type": "WebPage",
    "name": "Page Title",
    "description": "Page description",
    "url": "https://www.rovemiles.com/explore/hotels"
  },
  {
    "@context": "https://schema.org",
    "@type": "BreadcrumbList",
    "itemListElement": [
      {
        "@type": "ListItem",
        "position": 1,
        "name": "Home",
        "item": "https://www.rovemiles.com"
      },
      {
        "@type": "ListItem",
        "position": 2,
        "name": "Explore",
        "item": "https://www.rovemiles.com/explore"
      },
      {
        "@type": "ListItem",
        "position": 3,
        "name": "Hotels",
        "item": "https://www.rovemiles.com/explore/hotels"
      }
    ]
  }
]
