{
  "global": {
    "website": "/structured-data/website.json",
    "organization": "/structured-data/organization.json"
  },
  "pages": {
    "onboarding": "/structured-data/onboarding.json",
    "explore-hotels": "/structured-data/explore-hotels.json",
    "explore": "/structured-data/explore.json",
    "flights-booking": "/structured-data/flights-booking.json",
    "hotels-booking-complete": "/structured-data/hotels-booking-complete.json",
    "hotels-booking": "/structured-data/hotels-booking.json",
    "homepage": "/structured-data/homepage.json",
    "privacy-policy": "/structured-data/privacy-policy.json",
    "profile-hotel-_id_": "/structured-data/profile-hotel-_id_.json",
    "profile": "/structured-data/profile.json",
    "program-terms": "/structured-data/program-terms.json",
    "search-flights-cash": "/structured-data/search-flights-cash.json",
    "search-flights": "/structured-data/search-flights.json",
    "search-flights+hotels": "/structured-data/search-flights+hotels.json",
    "search-hotels": "/structured-data/search-hotels.json",
    "shopping-loading": "/structured-data/shopping-loading.json",
    "shopping": "/structured-data/shopping.json",
    "terms-of-use": "/structured-data/terms-of-use.json",
    "transfer-miles-_programId_": "/structured-data/transfer-miles-_programId_.json",
    "transfer-miles": "/structured-data/transfer-miles.json"
  },
  "dynamicPages": {}
}
